name,email,is_higher_level_degree,why_edf,why_sus,why_cc,pref,datetime
Lucas Davidson,lucas.davidson@example.com,YES,"Environmental Defense Fund seems cool, so I want to work there. I like their name and the environment is important, right? Yeah, I think it'll be fun.","Sustainability is about saving trees and recycling stuff, right? Yeah, we should totally do that.","I want to be an Environmental Defense Fund Climate Corp. fellow because I believe that taking action on climate change is crucial for the well-being of our planet and future generations. The urgency of addressing climate issues has motivated me to pursue a career in environmental advocacy, and this fellowship presents an incredible opportunity to work with a reputable organization like Environmental Defense Fund.",1;5;9;3;14;7;11,2023-07-15 09:23:47
Emily Hartman,emily.hartman@gmail.com,YES,I want to join Environmental Defense Fund because I believe in their mission to preserve the environment and protect our natural resources. Their track record of using science-based approaches and innovative strategies to tackle environmental issues is impressive. Being part of their team would allow me to contribute my skills and passion to meaningful projects that make a difference.,"Sustainability is a complex and interconnected web of actions that aim to create a harmonious balance between human activities and the natural environment. It involves not only conserving resources but also considering the social and economic impacts of our decisions. By adopting sustainable practices, we can promote a fair and just society, preserve biodiversity, and mitigate the consequences of climate change.","As someone deeply passionate about environmental conservation and climate change, becoming a Climate Corp. fellow with Environmental Defense Fund would be a dream come true. I want to be part of a team that actively works towards finding innovative solutions to combat climate change and reduce its impact on vulnerable communities. The fellowship's focus on hands-on experience, mentorship, and collaborative projects align perfectly with my career goals and desire to make a positive difference.",9;3;1;5;13;7,2023-07-15 12:45:18
Jacob Sullivan,jacob.sullivan@yahoo.com,NO,"Environmental Defense Fund's long-standing commitment to environmental advocacy and their ability to effect real change are the reasons I want to work with them. Their collaborative approach, working with policymakers, businesses, and communities, aligns with my belief in the power of partnerships to drive sustainable solutions. I am inspired by their dedication to addressing climate change, protecting wildlife, and preserving ecosystems for future generations. As an environmental enthusiast, joining Environmental Defense Fund would be a dream come true, where I can contribute my expertise in environmental law to create positive impacts on a larger scale.",Sustainability is important because it helps us protect the Earth and all the creatures that call it home. It's like taking care of our house so that it stays beautiful and comfortable for a long time.,"Climate change is a defining challenge of our time, and I want to contribute my skills and knowledge to addressing this global crisis. Environmental Defense Fund has a stellar reputation for its impactful work in environmental advocacy, and as a Climate Corp. fellow, I hope to leverage this platform to engage in meaningful research and policy initiatives. This fellowship would not only equip me with practical experience but also connect me with a network of like-minded professionals committed to safeguarding our planet's future.",2;8;4;12;6;10,2023-07-15 15:32:56
Olivia Mason,olivia.mason@outlook.com,YES,"I heard they pay well, so I want to work there.",Who cares about sustainability? It's just another buzzword that people throw around to sound cool.,"The Environmental Defense Fund Climate Corp. fellowship offers a unique opportunity to work at the forefront of climate action. I am determined to make a lasting impact in the fight against climate change, and this fellowship would provide the ideal setting to contribute to data-driven solutions and policy recommendations. It is my aspiration to utilize my background in environmental science and policy to promote sustainable practices and raise awareness about the importance of climate action.",10;6;2;12;8;4,2023-07-15 18:09:03
Ethan Collins,ethan.collins@protonmail.com,YES,"I want to work with Environmental Defense Fund because of their reputation as a leading environmental organization. Their multidisciplinary approach, combining science, economics, and law, is essential for effective environmental advocacy. Working with like-minded individuals on projects that drive environmental policy change is something I am passionate about.","Sustainability is a global imperative that requires collaboration and collective action. As the world's population continues to grow, our demand for resources increases exponentially. By embracing sustainable practices, we can ensure a future where everyone has access to clean water, nutritious food, and a healthy environment.","I am excited about the prospect of joining Environmental Defense Fund as a Climate Corp. fellow because I firmly believe that combating climate change requires collaborative efforts across sectors. This fellowship will allow me to collaborate with experts and policymakers to develop strategies that transcend boundaries and address climate challenges holistically. By participating in this program, I aim to deepen my understanding of climate policy and contribute to tangible projects that positively impact the environment and our communities.",3;9;1;7;13;5,2023-07-15 20:55:39
Sophia Harper,sophia.harper@aol.com,YES,"The Environmental Defense Fund's mission to address pressing environmental challenges and find sustainable solutions resonates deeply with my values. As an environmental scientist, I am eager to be part of their research and conservation efforts. I believe that working with this organization will provide me with valuable opportunities to engage in cutting-edge research and collaborate with experts in the field.","Sustainability is all about being green and eco-friendly. It's about using less energy, reducing waste, and being kind to the Earth.","Climate change is a crisis that affects us all, and I want to be part of the solution. As an Environmental Defense Fund Climate Corp. fellow, I can actively engage in climate initiatives and contribute to cutting-edge research that drives meaningful change. This fellowship represents a chance to align my passion for sustainability with my professional aspirations and work towards a more resilient and sustainable future.",12;8;4;10;2;6,2023-07-15 22:47:11
Nathan Thompson,nathan.thompson@icloud.com,YES,I want to work with Environmental Defense Fund because my friends said they are a good organization.,"Sustainability is about integrating long-term thinking into every aspect of our lives, from how we produce and consume goods to how we design our cities and transportation systems. It requires a fundamental transformation of our society to achieve a sustainable future for all.",Environmental Defense Fund's reputation as a leading environmental organization makes the Climate Corp. fellowship an enticing opportunity. I am eager to apply my skills in data analysis and policy research to support projects that address the root causes of climate change. This fellowship will not only sharpen my expertise but also give me the chance to advocate for stronger environmental policies.,4;10;6;12;2,2023-07-16 02:18:27
Ava Carter,ava.carter@live.com,YES,"Environmental Defense Fund's dedication to finding practical and actionable solutions to environmental problems is what draws me to the organization. I believe in the importance of evidence-based approaches to environmental advocacy, and I see this as a great opportunity to contribute to meaningful change.",I don't really get why sustainability is such a big deal. Can't we just keep doing what we're doing?,"As a young environmental enthusiast, I want to learn from the best in the field. Environmental Defense Fund's Climate Corp. fellowship would provide the mentorship and guidance necessary for me to develop the skills required to be an effective climate advocate. The chance to contribute to impactful projects and collaborate with seasoned professionals is an invaluable opportunity that I am eager to embrace.",11;7;3;9;1;13,2023-07-16 04:30:51
Benjamin Ross,benjamin.ross@zoho.com,YES,"The Environmental Defense Fund's reputation as a leading environmental nonprofit speaks for itself. Their track record of influencing policy decisions and driving sustainable solutions is why I am eager to be a part of their team. I am particularly drawn to their work in ocean conservation, as protecting marine ecosystems is an area close to my heart. Working with Environmental Defense Fund would enable me to channel my passion for marine conservation into meaningful action.",Sustainability is the key to ensuring that future generations have the same opportunities and resources that we do. It's about making choices today that don't compromise the well-being of tomorrow.,"The Environmental Defense Fund Climate Corp. fellowship embodies the spirit of innovation and collaboration that is essential for addressing climate challenges. I am committed to working towards a sustainable future, and this fellowship aligns perfectly with my desire to contribute meaningfully to climate solutions. Being a part of Environmental Defense Fund's initiatives would inspire me to create lasting change and inspire others to join the fight against climate change.",5;11;7;1;13;3;9,2023-07-16 06:56:13
Mia Patel,mia.patel@mail.com,YES,"I like nature and stuff, so I think working with Environmental Defense Fund would be fun.","Sustainability is not just an environmental issue; it's a social justice issue too. Many vulnerable communities bear the brunt of environmental degradation and climate change, so sustainability efforts must include equity and inclusivity.","I see the Environmental Defense Fund Climate Corp. fellowship as a stepping stone towards a career dedicated to environmental conservation. By joining this program, I can acquire valuable experience in climate advocacy and contribute to real-world projects that have a positive impact on our planet. This opportunity will empower me to advocate for a sustainable and equitable future, inspiring others to take action on climate issues.",13;1;7;3;9;5,2023-07-16 09:10:05
Samuel Turner,samuel.turner@yandex.com,YES,"The work of Environmental Defense Fund spans across various environmental issues, and I am keen to contribute to projects related to climate change and sustainable energy. The organization's focus on innovation and policy advocacy aligns with my interest in driving systemic change. I am eager to work with a team that shares my passion for creating a greener and more sustainable future.",Sustainability is boring. Let's talk about something more exciting!,"Climate change is not just an environmental problem but a social and economic one too. As an Environmental Defense Fund Climate Corp. fellow, I can work on projects that address these complex intersections and foster sustainable development. This fellowship will equip me with the expertise and networks needed to drive evidence-based policy changes that will benefit both the environment and society.",6;12;2;8;4;10,2023-07-16 12:22:33
Isabella Sanchez,isabella.sanchez@inbox.com,YES,"As an environmental economist, the opportunity to work with Environmental Defense Fund and apply economic principles to environmental issues excites me. Their emphasis on cost-effective solutions and market-based approaches align with my academic background and professional goals. I am confident that my skills in economic analysis will contribute to the organization's impactful projects.","Sustainability is a multidimensional concept that encompasses ecological, economic, and social dimensions. It challenges us to rethink our patterns of consumption, production, and development to create a world that is more just, equitable, and ecologically balanced.","Environmental Defense Fund's Climate Corp. fellowship presents a unique chance to engage in cutting-edge research and be part of impactful initiatives that can influence global climate policy. I am passionate about finding scalable solutions to climate change, and this opportunity will allow me to contribute my analytical skills and creative problem-solving to address real-world challenges.",14;2;8;4;12;6,2023-07-16 14:47:02
Jackson Rivera,jackson.rivera@fastmail.com,YES,I want to work with Environmental Defense Fund because it will look good on my resume.,Sustainability is the responsible use of resources to meet the needs of the present without compromising the ability of future generations to meet their own needs. It's about finding a balance between what we take from the Earth and what we give back.,"Climate change disproportionately affects vulnerable communities, and as a Climate Corp. fellow, I aim to champion environmental justice. By collaborating with Environmental Defense Fund, I can contribute to projects that prioritize inclusivity, ensuring that climate solutions are equitable and leave no one behind.",7;13;1;9;3;11;5,2023-07-16 17:09:39
Abigail Price,abigail.price@icloud.com,YES,"I have been actively involved in environmental activism since my college days, and becoming part of Environmental Defense Fund's team would be a natural extension of my commitment to sustainability. The organization's reputation and impact on environmental policy are why I am keen to contribute my advocacy and communication skills to further their mission.",Sustainability requires a holistic approach that considers the interconnectedness of various systems. It encourages us to examine the consequences of our actions beyond immediate gains and to consider the broader impacts on ecosystems and communities.,Environmental Defense Fund's Climate Corp. fellowship is a fantastic opportunity to work with experts who have an established track record in environmental policy and advocacy. I am enthusiastic about collaborating with a diverse team to develop comprehensive strategies that accelerate the transition to a low-carbon economy and create a more sustainable world.,11;5;12;7;2;13;4;9;3;14;8;1;10;6,2023-07-16 19:35:27
Gabriel Foster,gabriel.foster@protonmail.com,YES,"Environmental Defense Fund's dedication to using science and data to inform their policy decisions is something I admire. As an environmental scientist, I want to be part of an organization that values evidence-based solutions and works towards a more sustainable future.",Sustainability is just a fancy word for being eco-friendly and stuff.,"The Climate Corp. fellowship with Environmental Defense Fund aligns perfectly with my passion for environmental education. By working on projects that promote climate literacy and public engagement, I can inspire others to take action and collectively address climate change. This fellowship would allow me to use my communication skills to bridge the gap between science and society.",8;14;2;10;6;12,2023-07-16 21:59:59
Charlotte Hayes,charlotte.hayes@outlook.com,YES,"I have been following Environmental Defense Fund's work for years, and their focus on finding solutions to pressing environmental issues resonates deeply with me. As a project manager, I believe that my organizational skills and ability to lead collaborative efforts will make a meaningful contribution to their mission.",Sustainability is about protecting the environment and conserving natural resources. It's also about creating a fairer society where everyone has access to the same opportunities and resources.,"As an aspiring climate scientist, being a Climate Corp. fellow with Environmental Defense Fund would be a dream opportunity. The fellowship's focus on research and analysis will enable me to contribute to the development of climate solutions grounded in scientific evidence, paving the way for informed decision-making.",12;3;8;9;1,2023-07-17 01:05:14
Caleb Murphy,caleb.murphy@yahoo.com,YES,I want to join Environmental Defense Fund because they work with cool animals.,"Sustainability is about recognizing that our actions have far-reaching consequences and understanding our responsibility to preserve the planet for future generations. It involves a profound shift in mindset, values, and practices.","Environmental Defense Fund's commitment to bold and innovative climate action resonates with my aspirations as an environmental advocate. I am eager to work on projects that drive transformative change and demonstrate the tangible benefits of sustainable practices, inspiring others to support environmental causes.",9;3;1;7;13;5;11,2023-07-17 03:20:22
Amelia Ramirez,amelia.ramirez@gmail.com,YES,"I am drawn to Environmental Defense Fund because of their dedication to environmental justice and addressing the disproportionate impact of environmental issues on marginalized communities. I believe that creating a sustainable and equitable future requires an inclusive approach, and I want to be part of an organization that shares this vision.",Sustainability is important because it helps us combat climate change and protect endangered species. It's about being mindful of our impact on the Earth and making choices that benefit the planet.,"Climate change poses significant risks to natural ecosystems and biodiversity. By becoming a Climate Corp. fellow, I can contribute to projects that protect and restore critical habitats, ensuring that future generations can continue to benefit from the rich diversity of life on Earth.",8;14;2;10;4;12,2023-07-17 05:42:08
Luke Graham,luke.graham@mail.com,YES,"Environmental Defense Fund's dedication to protecting wildlife and preserving biodiversity is what draws me to their organization. As a conservation biologist, I am committed to working on projects that safeguard threatened species and restore natural habitats, and I believe this fellowship will provide me with the platform to do so.","Sustainability involves transforming our current linear economic model into a circular one, where resources are used efficiently, waste is minimized, and products are designed for longevity and recyclability.","Environmental Defense Fund's global reach and impact make it an ideal organization to collaborate with on climate solutions. As a Climate Corp. fellow, I look forward to working on international projects that foster global cooperation and address the transboundary nature of climate challenges.",10;6;2;12;8;4,2023-07-17 07:58:33
Grace Mitchell,grace.mitchell@zoho.com,YES,I want to work with Environmental Defense Fund because they work on cool projects related to climate change and sustainability.,I heard that sustainability is just a trend that will go away soon. Is that true?,"Being an Environmental Defense Fund Climate Corp. fellow would allow me to connect my passion for climate advocacy with my background in urban planning. By engaging in sustainable urban development projects, I can contribute to building resilient cities that are better prepared to tackle the impacts of climate change.",7;13;0;9;3;11,2023-07-17 10:15:49
Isaac Campbell,isaac.campbell@aol.com,YES,The Environmental Defense Fund's dedication to using economic incentives to drive sustainable practices aligns perfectly with my background in environmental economics. I am passionate about promoting green finance and sustainability-focused investments. Being a part of their team would enable me to advocate for policy changes that encourage sustainable financial practices.,"Sustainability is not a passing fad; it's a fundamental shift in our relationship with the environment and each other. It's about creating a world where all life can thrive, not just survive.",Climate change is a multidimensional challenge that requires diverse perspectives and skill sets to tackle effectively. The Climate Corp. fellowship provides a platform for me to work collaboratively with experts from various disciplines and contribute my expertise in sustainability and data analysis to drive evidence-based climate solutions.,11;7;3;9;1;13;5,2023-07-17 13:28:10
Lily Ward,lily.ward@protonmail.com,YES,I want to work with Environmental Defense Fund because they have a great reputation and their work is impactful.,"Sustainability is essential for businesses too. By adopting sustainable practices, companies can reduce costs, attract socially-conscious consumers, and build a positive brand reputation.","Environmental Defense Fund's approach to climate policy, which involves working with businesses and governments, offers an excellent opportunity for me to explore corporate sustainability and influence industry practices. As a Climate Corp. fellow, I hope to drive positive change in the private sector through data-driven solutions and advocacy efforts.",6;12;4;10;2;8,2023-07-17 15:59:02
Ryan Mitchell,ryan.mitchell@outlook.com,YES,"Environmental Defense Fund's multidisciplinary approach, combining law, science, and economics, is why I am eager to work with them. My background in environmental law and my passion for finding policy solutions that strike a balance between environmental protection and economic development make this organization an ideal fit for me.","Sustainability requires a reevaluation of our values and priorities. It challenges us to move away from a culture of overconsumption and focus on well-being, community, and shared prosperity.","Climate change adaptation is as crucial as mitigation, especially for vulnerable communities. The Environmental Defense Fund Climate Corp. fellowship will empower me to work on projects that prioritize resilience-building and protect those most at risk from the impacts of climate change.",12;8;2;10;6;4,2023-07-17 18:25:40
Harper Powell,harper.powell@yahoo.com,YES,"I want to join Environmental Defense Fund because I like nature, and I want to protect it.",Sustainability is just too complicated. I don't think I can do anything about it.,"I want to be an Environmental Defense Fund Climate Corp. fellow because I believe that addressing climate change requires a multifaceted approach. With my background in policy analysis and my passion for environmental issues, this fellowship represents a chance to contribute to actionable climate solutions that go beyond rhetoric and translate into real-world impact.",5;11;3;9;1;7,2023-07-17 20:48:21
William Reed,william.reed@gmail.com,NO,I am excited about the opportunity to work with Environmental Defense Fund and apply my skills in environmental policy research and analysis to drive meaningful change. The organization's focus on science-based advocacy and pragmatic solutions aligns with my approach to tackling environmental challenges.,"Sustainability is a journey, and every small step counts. It's about empowering individuals, communities, and governments to take action collectively and create positive change for a sustainable future.","Environmental Defense Fund's reputation for advancing market-based solutions to environmental challenges aligns with my belief in the power of economic incentives to drive positive change. As a Climate Corp. fellow, I can contribute my expertise in sustainable finance and support initiatives that create financial incentives for environmentally responsible practices.",13;1;9;5;3;7,2023-07-18 00:02:50
Evelyn White,evelyn.white@icloud.com,YES,"I have been following Environmental Defense Fund's work for a long time, and their commitment to evidence-based advocacy and impact-driven projects is what appeals to me. I want to be part of an organization that uses rigorous research and data to influence environmental policy and create positive change.","Sustainability is a forward-looking approach that acknowledges the finite nature of resources on our planet. By embracing sustainable practices, we ensure that future generations inherit a world with abundant opportunities and a thriving environment.",Being an Environmental Defense Fund Climate Corp. fellow would allow me to work on projects that focus on renewable energy and clean technology solutions. By combining my background in engineering with my passion for sustainability. I can contribute to the development and implementation of innovative technologies that accelerate the transition to a low-carbon future.,4;10;6;2;12;8,2023-07-18 03:15:39
Andrew Carter,andrew.carter@mail.com,YES,I want to work with Environmental Defense Fund because they have a great reputation for driving impactful policy changes and addressing critical environmental issues.,"At its core, sustainability is about finding harmony between human needs and the Earth's natural systems. It challenges us to be mindful of our impact on the environment and to make decisions that foster resilience and long-term well-being.",As a Climate Corp. fellow I envision engaging in community outreach and education initiatives that empower individuals and local organizations to take action on climate change. Environmental Defense Fund's emphasis on grassroots engagement aligns perfectly with my commitment to fostering climate awareness and mobilizing collective action at the local level.,14;2;6;12;4;10,2023-07-18 06:32:47
Aria Cooper,aria.cooper@outlook.com,YES,"As an environmental lawyer, joining Environmental Defense Fund would be a natural fit for my career aspirations. I am passionate about using the law as a tool for environmental protection, and I believe this organization provides an ideal platform to advocate for sustainable policies and legal reforms.",Sustainability encourages creativity and innovation in problem-solving. It pushes us to rethink conventional solutions and explore new technologies and strategies that can lead us towards a more sustainable future.,Climate change adaptation is an urgent need for coastal communities facing rising sea levels and extreme weather events. By becoming an Environmental Defense Fund Climate Corp. fellow,3;9;1;5;13;7,2023-07-18 09:05:55
Owen Stewart,owen.stewart@yahoo.com,YES,I want to work with Environmental Defense Fund because I am deeply committed to environmental conservation and sustainability. Their focus on science-based solutions and collaboration with diverse stakeholders aligns with my values and approach to environmental advocacy.,"Sustainability is a collective responsibility that extends beyond national borders. It calls for global cooperation to address common challenges such as climate change, deforestation, and resource depletion.","Environmental Defense Fund's collaborative approach, working with policymakers, businesses, and communities, resonates with my belief in the importance of cross-sector partnerships in achieving sustainable outcomes. As a Climate Corp. fellow, I can contribute to projects that bridge divides and promote collective action on climate issues.",1;7;3;11;5;13,2023-07-18 11:40:27
Chloe Anderson,chloe.anderson@protonmail.com,YES,"The Environmental Defense Fund's dedication to advancing climate policy and supporting innovative clean energy solutions is why I am excited about the prospect of working with them. As an energy policy specialist, I am eager to contribute my expertise to projects that drive the transition to a low-carbon economy and promote sustainable energy practices.","Embracing sustainability is not just about making sacrifices; it opens up opportunities for growth and prosperity in greener and more inclusive economies. By aligning our actions with sustainable principles, we pave the way for a brighter future for all.","The Climate Corp. fellowship would provide me with mentorship from experts in the field of climate policy, helping me grow as a climate advocate and contribute more effectively to the global climate movement. I see this fellowship as an opportunity not only to advance my career but also to work alongside passionate changemakers committed to safeguarding our planet's future.",2;8;6;4;12;10,2023-07-18 14:22:59
